Symbol,Name,GICS Sector,GICS Sub-Industry,ReturnSum,Rank
ETSY,Etsy,Consumer Discretionary,Internet & Direct Marketing Retail,1.2138312379393028,1
CARR,Carrier Global,Industrials,Building Products,1.1686046679096762,2
NVDA,Nvidia Corporation,Information Technology,Semiconductors,0.8549586085500778,3
LB,L Brands Inc-,Consumer Discretionary,Apparel Retail,0.7785960751061793,4
AMD,Advanced Micro Devices Inc,Information Technology,Semiconductors,0.7166008287167642,5
ALB,Albemarle Corp,Materials,Specialty Chemicals,0.7105923173949122,6
PYPL,PayPal,Information Technology,Data Processing & Outsourced Services,0.6715596845315304,7
NOW,ServiceNow,Information Technology,Systems Software,0.6111654613778228,8
WST,West Pharmaceutical Services,Health Care,Health Care Supplies,0.6033228013693588,9
FCX,Freeport-McMoRan Inc-,Materials,Copper,0.5976053403574042,10
AMZN,Amazon-com Inc-,Consumer Discretionary,Internet & Direct Marketing Retail,0.5879411796267959,11
CTLT,Catalent,Health Care,Pharmaceuticals,0.5778206208633492,12
FDX,FedEx Corporation,Industrials,Air Freight & Logistics,0.5635255368251819,13
ALGN,Align Technology,Health Care,Health Care Supplies,0.562094058142975,14
IDXX,IDEXX Laboratories,Health Care,Health Care Equipment,0.5582896334235556,15
PWR,Quanta Services Inc-,Industrials,Construction & Engineering,0.5385661793989129,16
TMUS,T-Mobile US,Communication Services,Wireless Telecommunication Services,0.5340596572423237,17
ROL,Rollins Inc-,Industrials,Environmental & Facilities Services,0.5286815629951889,18
AAPL,Apple Inc-,Information Technology,"Technology Hardware, Storage & Peripherals",0.5058537132426864,19
CDNS,Cadence Design Systems,Information Technology,Application Software,0.49276609376829583,20
ODFL,Old Dominion Freight Line,Industrials,Trucking,0.49242721883638296,21
QCOM,QUALCOMM Inc-,Information Technology,Semiconductors,0.4881574376922799,22
POOL,Pool Corporation,Consumer Discretionary,Distributors,0.4708373027970083,23
NFLX,Netflix Inc-,Communication Services,Movies & Entertainment,0.4664306677223067,24
SNPS,Synopsys Inc-,Information Technology,Application Software,0.4629325381683884,25
TER,Teradyne,Information Technology,Semiconductor Equipment,0.4610718438780168,26
LRCX,Lam Research,Information Technology,Semiconductor Equipment,0.45221214344201144,27
PAYC,Paycom,Information Technology,Application Software,0.4505511402967386,28
CMG,Chipotle Mexican Grill,Consumer Discretionary,Restaurants,0.43931731425982434,29
MSCI,MSCI Inc,Financials,Financial Exchanges & Data,0.4360429923472111,30
CRM,Salesforce-com,Information Technology,Application Software,0.421309914549056,31
DVA,DaVita Inc-,Health Care,Health Care Facilities,0.4135266479497659,32
BLL,Ball Corp,Materials,Metal & Glass Containers,0.4090541073237546,33
TWTR,"Twitter, Inc-",Communication Services,Interactive Media & Services,0.4049268515955191,34
ABMD,ABIOMED Inc,Health Care,Health Care Equipment,0.4030232802469982,35
OTIS,Otis Worldwide,Industrials,Industrial Machinery,0.39814553104224615,36
DE,Deere & Co-,Industrials,Agricultural & Farm Machinery,0.3944315086409915,37
DXCM,DexCom,Health Care,Health Care Equipment,0.38624602910567774,38
ADSK,Autodesk Inc-,Information Technology,Application Software,0.3860594147554366,39
ZBRA,Zebra Technologies,Information Technology,Electronic Equipment & Instruments,0.3778276299126446,40
ADBE,Adobe Inc-,Information Technology,Application Software,0.37277686517336406,41
KLAC,KLA Corporation,Information Technology,Semiconductor Equipment,0.369408809212473,42
MTD,Mettler Toledo,Health Care,Life Sciences Tools & Services,0.3647597135059186,43
DHR,Danaher Corp-,Health Care,Health Care Equipment,0.36072114243506803,44
UPS,United Parcel Service,Industrials,Air Freight & Logistics,0.35860388503351714,45
TYL,Tyler Technologies,Information Technology,Application Software,0.3583049190492602,46
TSCO,Tractor Supply Company,Consumer Discretionary,Specialty Stores,0.35678158490918577,47
TGT,Target Corp-,Consumer Discretionary,General Merchandise Stores,0.35599200004071463,48
BIO,Bio-Rad Laboratories,Health Care,Life Sciences Tools & Services,0.3549589954127441,49
EBAY,eBay Inc-,Consumer Discretionary,Internet & Direct Marketing Retail,0.3542708942986792,50
DG,Dollar General,Consumer Discretionary,General Merchandise Stores,0.3509637932293117,51
TTWO,Take-Two Interactive,Communication Services,Interactive Home Entertainment,0.3491164834413212,52
SIVB,SVB Financial,Financials,Regional Banks,0.344604932499351,53
NEM,Newmont Corporation,Materials,Gold,0.3433145076269284,54
XLNX,Xilinx,Information Technology,Semiconductors,0.3411156411457341,55
BLK,BlackRock,Financials,Asset Management & Custody Banks,0.33752450218162267,56
TT,Trane Technologies plc,Industrials,Building Products,0.337491244848934,57
CTVA,Corteva,Materials,Fertilizers & Agricultural Chemicals,0.336731552175479,58
URI,"United Rentals, Inc-",Industrials,Trading Companies & Distributors,0.333162597300543,59
TMO,Thermo Fisher Scientific,Health Care,Life Sciences Tools & Services,0.33292411861475557,60
FB,"Facebook, Inc-",Communication Services,Interactive Media & Services,0.33105134070501663,61
DHI,D- R- Horton,Consumer Discretionary,Homebuilding,0.3296587420918513,62
IPGP,IPG Photonics Corp-,Information Technology,Electronic Manufacturing Services,0.3274059357936494,63
CHTR,Charter Communications,Communication Services,Cable & Satellite,0.32590197074387106,64
CTAS,Cintas Corporation,Industrials,Diversified Support Services,0.32397877372568473,65
MSFT,Microsoft Corp-,Information Technology,Systems Software,0.3185297032978269,66
MKTX,MarketAxess,Financials,Financial Exchanges & Data,0.3168048934894614,67
NKE,"Nike, Inc-",Consumer Discretionary,"Apparel, Accessories & Luxury Goods",0.31606796329288045,68
ANET,Arista Networks,Information Technology,Communications Equipment,0.3089627690060297,69
A,Agilent Technologies Inc,Health Care,Health Care Equipment,0.3031043021765072,70
AMAT,Applied Materials Inc-,Information Technology,Semiconductor Equipment,0.3024983919458464,71
REGN,Regeneron Pharmaceuticals,Health Care,Biotechnology,0.30147574163856916,72
MXIM,Maxim Integrated Products Inc,Information Technology,Semiconductors,0.29698212232324295,73
MNST,Monster Beverage,Consumer Staples,Soft Drinks,0.29676217505766544,74
WHR,Whirlpool Corp-,Consumer Discretionary,Household Appliances,0.2942999024744495,75
PKI,PerkinElmer,Health Care,Health Care Equipment,0.2872116169310175,76
INTU,Intuit Inc-,Information Technology,Application Software,0.28522174796671607,77
BBY,Best Buy Co- Inc-,Consumer Discretionary,Computer & Electronics Retail,0.28341841232031584,78
LEN,Lennar Corp-,Consumer Discretionary,Homebuilding,0.281987020483939,79
CLX,The Clorox Company,Consumer Staples,Household Products,0.2808808775698708,80
COST,Costco Wholesale Corp-,Consumer Staples,Hypermarkets & Super Centers,0.2784831530007068,81
RMD,ResMed,Health Care,Health Care Equipment,0.27816578698548255,82
PH,Parker-Hannifin,Industrials,Industrial Machinery,0.2779280417744303,83
DPZ,Domino's Pizza,Consumer Discretionary,Restaurants,0.27191580914950464,84
NWSA,News Corp- Class A,Communication Services,Publishing,0.27078858605818823,85
VRSK,Verisk Analytics,Industrials,Research & Consulting Services,0.267607470654184,86
ATVI,Activision Blizzard,Communication Services,Interactive Home Entertainment,0.26651614157890435,87
GLW,Corning Inc-,Information Technology,Electronic Components,0.26488750422140583,88
GOOG,Alphabet Inc- (Class C),Communication Services,Interactive Media & Services,0.2634425042560906,89
ETN,Eaton Corporation,Industrials,Electrical Components & Equipment,0.26143170256546,90
GOOGL,Alphabet Inc- (Class A),Communication Services,Interactive Media & Services,0.2596584308994352,91
FBHS,Fortune Brands Home & Security,Industrials,Building Products,0.2595636025071144,92
LOW,Lowe's Cos-,Consumer Discretionary,Home Improvement Retail,0.2544924238245585,93
QRVO,Qorvo,Information Technology,Semiconductors,0.25390049271663884,94
FAST,Fastenal Co,Industrials,Building Products,0.2532134435750777,95
NWS,News Corp- Class B,Communication Services,Publishing,0.24546183866914362,96
MCHP,Microchip Technology,Information Technology,Semiconductors,0.24494555000273976,97
CTSH,Cognizant Technology Solutions,Information Technology,IT Consulting & Other Services,0.24209998818696477,98
HOLX,Hologic,Health Care,Health Care Equipment,0.24208185833413154,99
CPRT,Copart Inc,Industrials,Diversified Support Services,0.24092442914115964,100
HD,Home Depot,Consumer Discretionary,Home Improvement Retail,0.23988197249127552,101
NEE,NextEra Energy,Utilities,Multi-Utilities,0.2382047535975289,102
CSX,CSX Corp-,Industrials,Railroads,0.23681526133441366,103
CMI,Cummins Inc-,Industrials,Industrial Machinery,0.23681135421065846,104
NSC,Norfolk Southern Corp-,Industrials,Railroads,0.23673675321333576,105
GPS,Gap Inc-,Consumer Discretionary,Apparel Retail,0.23654314747545868,106
ZTS,Zoetis,Health Care,Pharmaceuticals,0.2364345789392246,107
AWK,American Water Works Company Inc,Utilities,Water Utilities,0.23632351741252933,108
EMN,Eastman Chemical,Materials,Diversified Chemicals,0.2351342108886456,109
BF-B,Brown-Forman Corp-,Consumer Staples,Distillers & Vintners,0.23367327240703162,110
MCK,McKesson Corp-,Health Care,Health Care Distributors,0.2329407087090658,111
SHW,Sherwin-Williams,Materials,Specialty Chemicals,0.23257243777334224,112
WMT,Walmart,Consumer Staples,Hypermarkets & Super Centers,0.23077982969698496,113
GM,General Motors,Consumer Discretionary,Automobile Manufacturers,0.23026292651775293,114
PGR,Progressive Corp-,Financials,Property & Casualty Insurance,0.22903339178446913,115
STE,STERIS plc,Health Care,Health Care Equipment,0.22765735715074698,116
ROK,Rockwell Automation Inc-,Industrials,Electrical Components & Equipment,0.22672790028445888,117
ANSS,ANSYS,Information Technology,Application Software,0.22452273702947423,118
MS,Morgan Stanley,Financials,Investment Banking & Brokerage,0.22440454934258014,119
XYL,Xylem Inc-,Industrials,Industrial Machinery,0.2240748211479513,120
APTV,Aptiv PLC,Consumer Discretionary,Auto Parts & Equipment,0.2212040443555452,121
CHD,Church & Dwight,Consumer Staples,Household Products,0.21650525336735882,122
CAG,Conagra Brands,Consumer Staples,Packaged Foods & Meats,0.21645454823737964,123
TXN,Texas Instruments,Information Technology,Semiconductors,0.21532209607539698,124
SPGI,"S&P Global, Inc-",Financials,Financial Exchanges & Data,0.21512210104992846,125
KSU,Kansas City Southern,Industrials,Railroads,0.21454402496965486,126
IR,Ingersoll Rand,Industrials,Industrial Machinery,0.2139248703897465,127
EQIX,Equinix,Real Estate,Specialized REITs,0.20888458049557812,128
INFO,IHS Markit Ltd-,Industrials,Research & Consulting Services,0.208756741907564,129
ABT,Abbott Laboratories,Health Care,Health Care Equipment,0.20831189266755246,130
ISRG,Intuitive Surgical Inc-,Health Care,Health Care Equipment,0.20786924223648384,131
CL,Colgate-Palmolive,Consumer Staples,Household Products,0.2074850394128589,132
GWW,Grainger (W-W-) Inc-,Industrials,Industrial Machinery,0.20653040066827089,133
CCI,Crown Castle International Corp-,Real Estate,Specialized REITs,0.20413885785092134,134
AJG,Arthur J- Gallagher & Co-,Financials,Insurance Brokers,0.20010608399024932,135
AOS,A-O- Smith Corp,Industrials,Building Products,0.19917378781246953,136
ACN,Accenture plc,Information Technology,IT Consulting & Other Services,0.19576733594294637,137
VAR,Varian Medical Systems,Health Care,Health Care Equipment,0.19502614831799292,138
APH,Amphenol Corp,Information Technology,Electronic Components,0.19371388055151328,139
AKAM,Akamai Technologies Inc,Information Technology,Internet Services & Infrastructure,0.1933713873877423,140
NDAQ,"Nasdaq, Inc-",Financials,Financial Exchanges & Data,0.1909188797872048,141
BR,Broadridge Financial Solutions,Information Technology,Data Processing & Outsourced Services,0.19065595720894635,142
EL,Est√©e Lauder Companies,Consumer Staples,Personal Products,0.19051384572230745,143
AVGO,Broadcom Inc-,Information Technology,Semiconductors,0.19021790345504996,144
CHRW,C- H- Robinson Worldwide,Industrials,Air Freight & Logistics,0.1884674006869318,145
AME,AMETEK Inc-,Industrials,Electrical Components & Equipment,0.1882479391497327,146
TEL,TE Connectivity Ltd-,Information Technology,Electronic Manufacturing Services,0.18823828090535244,147
LIN,Linde plc,Materials,Industrial Gases,0.18752966667307192,148
SBAC,SBA Communications,Real Estate,Specialized REITs,0.18584495894174324,149
SWKS,Skyworks Solutions,Information Technology,Semiconductors,0.1834844016630086,150
CAT,Caterpillar Inc-,Industrials,Construction Machinery & Heavy Trucks,0.1834560407733079,151
EFX,Equifax Inc-,Industrials,Research & Consulting Services,0.18292413453309564,152
ABC,AmerisourceBergen Corp,Health Care,Health Care Distributors,0.181914320877695,153
MU,Micron Technology,Information Technology,Semiconductors,0.18077775253914297,154
PKG,Packaging Corporation of America,Materials,Paper Packaging,0.18033490789093776,155
J,Jacobs Engineering Group,Industrials,Construction & Engineering,0.17507009184919298,156
VNT,Vontier,Information Technology,Electronic Equipment & Instruments,0.17415532169979997,157
GRMN,Garmin Ltd-,Consumer Discretionary,Consumer Electronics,0.17395245788793545,158
CMCSA,Comcast Corp-,Communication Services,Cable & Satellite,0.17393981885106768,159
ITW,Illinois Tool Works,Industrials,Industrial Machinery,0.17353041718888562,160
ROP,Roper Technologies,Industrials,Industrial Conglomerates,0.17314447913668118,161
FFIV,F5 Networks,Information Technology,Communications Equipment,0.17211587629572023,162
JBHT,J- B- Hunt Transport Services,Industrials,Trucking,0.17106394197617192,163
APD,Air Products & Chemicals Inc,Materials,Industrial Gases,0.17085294662683737,164
DLTR,Dollar Tree,Consumer Discretionary,General Merchandise Stores,0.17045278457226232,165
EXPD,Expeditors,Industrials,Air Freight & Logistics,0.16898891219170764,166
LLY,Lilly (Eli) & Co-,Health Care,Pharmaceuticals,0.16404399544990156,167
HON,Honeywell Int'l Inc-,Industrials,Industrial Conglomerates,0.16324430329405004,168
TROW,T- Rowe Price Group,Financials,Asset Management & Custody Banks,0.16287586842372548,169
DLR,Digital Realty Trust Inc,Real Estate,Specialized REITs,0.16163102265272755,170
LH,Laboratory Corp- of America Holding,Health Care,Health Care Services,0.16061050682037603,171
FMC,FMC Corporation,Materials,Fertilizers & Agricultural Chemicals,0.15907655010232702,172
ECL,Ecolab Inc-,Materials,Specialty Chemicals,0.15899355057626963,173
SEE,Sealed Air,Materials,Paper Packaging,0.15854632065747865,174
MCO,Moody's Corp,Financials,Financial Exchanges & Data,0.15820849062583875,175
DGX,Quest Diagnostics,Health Care,Health Care Services,0.15780356214236235,176
TPR,"Tapestry, Inc-",Consumer Discretionary,"Apparel, Accessories & Luxury Goods",0.1529164910025429,177
ABBV,AbbVie Inc-,Health Care,Pharmaceuticals,0.15285590060375398,178
NWL,Newell Brands,Consumer Discretionary,Housewares & Specialties,0.14862603653455153,179
IQV,IQVIA Holdings Inc-,Health Care,Life Sciences Tools & Services,0.14780325362517033,180
AVY,Avery Dennison Corp,Materials,Paper Packaging,0.14723571717331652,181
MOS,The Mosaic Company,Materials,Fertilizers & Agricultural Chemicals,0.1472332838748116,182
UNP,Union Pacific Corp,Industrials,Railroads,0.14042088197311386,183
MAS,Masco Corp-,Industrials,Building Products,0.1396696657902794,184
SJM,JM Smucker,Consumer Staples,Packaged Foods & Meats,0.1394569088733988,185
MA,Mastercard Inc-,Information Technology,Data Processing & Outsourced Services,0.13922306506719906,186
EA,Electronic Arts,Communication Services,Interactive Home Entertainment,0.13920248229260324,187
FRC,First Republic Bank,Financials,Regional Banks,0.13706185191404074,188
IEX,IDEX Corporation,Industrials,Industrial Machinery,0.13658444382599555,189
GIS,General Mills,Consumer Staples,Packaged Foods & Meats,0.1358197052468313,190
SYK,Stryker Corp-,Health Care,Health Care Equipment,0.13477908969070995,191
ADI,"Analog Devices, Inc-",Information Technology,Semiconductors,0.13434080260049086,192
JCI,Johnson Controls International,Industrials,Building Products,0.13374693263904192,193
KR,Kroger Co-,Consumer Staples,Food Retail,0.13247114772093482,194
UNH,UnitedHealth Group Inc-,Health Care,Managed Health Care,0.1318563904351322,195
PNR,Pentair plc,Industrials,Industrial Machinery,0.1279901797825005,196
SWK,Stanley Black & Decker,Industrials,Industrial Machinery,0.1277235909801675,197
AMP,Ameriprise Financial,Financials,Asset Management & Custody Banks,0.12739849443460116,198
V,Visa Inc-,Information Technology,Data Processing & Outsourced Services,0.12430048188980436,199
FTV,Fortive Corp,Industrials,Industrial Machinery,0.12016880558803678,200
KEYS,Keysight Technologies,Information Technology,Electronic Equipment & Instruments,0.11950363089999883,201
ICE,Intercontinental Exchange,Financials,Financial Exchanges & Data,0.11899857961543603,202
DRE,Duke Realty Corp,Real Estate,Industrial REITs,0.1168792960816063,203
ULTA,Ulta Beauty,Consumer Discretionary,Specialty Stores,0.11529096902086167,204
PLD,Prologis,Real Estate,Industrial REITs,0.11380149830802111,205
LDOS,Leidos Holdings,Information Technology,IT Consulting & Other Services,0.11335986854828661,206
STZ,Constellation Brands,Consumer Staples,Distillers & Vintners,0.11266058949331637,207
TDY,Teledyne Technologies,Industrials,Aerospace & Defense,0.11148787155980244,208
FTNT,Fortinet,Information Technology,Systems Software,0.11125510596320964,209
PHM,PulteGroup,Consumer Discretionary,Homebuilding,0.10857872929773293,210
MCD,McDonald's Corp-,Consumer Discretionary,Restaurants,0.10296221633325331,211
MKC,McCormick & Co-,Consumer Staples,Packaged Foods & Meats,0.10184043201297754,212
SBUX,Starbucks Corp-,Consumer Discretionary,Restaurants,0.10084479372017086,213
IP,International Paper,Materials,Paper Packaging,0.10021743216202594,214
PG,Procter & Gamble,Consumer Staples,Personal Products,0.09938535721448716,215
ALXN,Alexion Pharmaceuticals,Health Care,Biotechnology,0.09875707427272573,216
PPG,PPG Industries,Materials,Specialty Chemicals,0.09609447319235187,217
GPN,Global Payments Inc-,Information Technology,Data Processing & Outsourced Services,0.09419409690599423,218
ADM,Archer-Daniels-Midland Co,Consumer Staples,Agricultural Products,0.09376684966264293,219
DOV,Dover Corporation,Industrials,Industrial Machinery,0.0927112828794634,220
PAYX,Paychex Inc-,Information Technology,Data Processing & Outsourced Services,0.09229708550265059,221
HUM,Humana Inc-,Health Care,Managed Health Care,0.09175575847621076,222
RSG,Republic Services Inc,Industrials,Environmental & Facilities Services,0.08734732656012056,223
CTXS,Citrix Systems,Information Technology,Application Software,0.08335661378805526,224
EXR,Extra Space Storage,Real Estate,Specialized REITs,0.0813532016472891,225
HPQ,HP Inc-,Information Technology,"Technology Hardware, Storage & Peripherals",0.0809419380966574,226
AES,AES Corp,Utilities,Independent Power Producers & Energy Traders,0.07984404516173527,227
PSA,Public Storage,Real Estate,Specialized REITs,0.07976662082364783,228
AMT,American Tower Corp-,Real Estate,Specialized REITs,0.07761358267453033,229
XEL,Xcel Energy Inc,Utilities,Multi-Utilities,0.07751326996367425,230
FIS,Fidelity National Information Services,Information Technology,Data Processing & Outsourced Services,0.07695568123017438,231
JKHY,Jack Henry & Associates,Information Technology,Data Processing & Outsourced Services,0.07556586059217807,232
EXPE,Expedia Group,Consumer Discretionary,Internet & Direct Marketing Retail,0.07543269898451399,233
ES,Eversource Energy,Utilities,Multi-Utilities,0.07488243083207635,234
WRK,WestRock,Materials,Paper Packaging,0.07442230149172246,235
AMCR,Amcor plc,Materials,Paper Packaging,0.0743070799508132,236
CE,Celanese,Materials,Specialty Chemicals,0.07272669566737022,237
EW,Edwards Lifesciences,Health Care,Health Care Equipment,0.07251069517951692,238
LYV,Live Nation Entertainment,Communication Services,Movies & Entertainment,0.07177898231020663,239
PCAR,PACCAR Inc-,Industrials,Construction Machinery & Heavy Trucks,0.06994226128153969,240
TXT,Textron Inc-,Industrials,Aerospace & Defense,0.06838770335889421,241
MDLZ,Mondelez International,Consumer Staples,Packaged Foods & Meats,0.06801186778466217,242
HCA,HCA Healthcare,Health Care,Health Care Facilities,0.06696298997849226,243
WM,Waste Management Inc-,Industrials,Environmental & Facilities Services,0.06572055967990309,244
MSI,Motorola Solutions Inc-,Information Technology,Communications Equipment,0.06436431374459062,245
NVR,"NVR, Inc-",Consumer Discretionary,Homebuilding,0.06294070379226469,246
RHI,Robert Half International,Industrials,Human Resource & Employment Services,0.06187865836545825,247
AEE,Ameren Corp,Utilities,Multi-Utilities,0.061680012484430335,248
ORCL,Oracle Corp-,Information Technology,Application Software,0.061419631500029936,249
DUK,Duke Energy,Utilities,Electric Utilities,0.06067016398446867,250
CI,CIGNA Corp-,Health Care,Managed Health Care,0.05910105430302792,251
WEC,WEC Energy Group,Utilities,Electric Utilities,0.05756291322177276,252
ANTM,Anthem,Health Care,Managed Health Care,0.05750295516918413,253
YUM,Yum! Brands Inc,Consumer Discretionary,Restaurants,0.05514649905671831,254
COG,Cabot Oil & Gas,Energy,Oil & Gas Exploration & Production,0.05078998921089806,255
PEP,PepsiCo Inc-,Consumer Staples,Soft Drinks,0.05050504680548329,256
TDG,TransDigm Group,Industrials,Aerospace & Defense,0.04836455261465744,257
DISH,Dish Network,Communication Services,Cable & Satellite,0.047864083549939096,258
HRL,Hormel Foods Corp-,Consumer Staples,Packaged Foods & Meats,0.04360838237334974,259
DOW,Dow Inc-,Materials,Commodity Chemicals,0.04087374045047909,260
WLTW,Willis Towers Watson,Financials,Insurance Brokers,0.04028700468552415,261
ARE,Alexandria Real Estate Equities,Real Estate,Office REITs,0.03894522778864484,262
AIZ,Assurant,Financials,Multi-line Insurance,0.038801883201813325,263
DTE,DTE Energy Co-,Utilities,Multi-Utilities,0.03665898977487814,264
MMM,3M Company,Industrials,Industrial Conglomerates,0.036626929220801685,265
GS,Goldman Sachs Group,Financials,Investment Banking & Brokerage,0.03659627820889,266
TJX,TJX Companies Inc-,Consumer Discretionary,Apparel Retail,0.03566020174184814,267
CNC,Centene Corporation,Health Care,Managed Health Care,0.03551634603354614,268
KMB,Kimberly-Clark,Consumer Staples,Household Products,0.035299413080792874,269
BKNG,Booking Holdings Inc,Consumer Discretionary,Internet & Direct Marketing Retail,0.03389486985361145,270
CBRE,CBRE Group,Real Estate,Real Estate Services,0.03386773195234127,271
ADP,Automatic Data Processing,Information Technology,Internet Services & Infrastructure,0.03204527068010066,272
MMC,Marsh & McLennan,Financials,Insurance Brokers,0.03156115984893404,273
COO,The Cooper Companies,Health Care,Health Care Supplies,0.03099112030758988,274
VRSN,Verisign Inc-,Information Technology,Internet Services & Infrastructure,0.030969815816206392,275
BRK-B,Berkshire Hathaway,Financials,Multi-Sector Holdings,0.027307227421260905,276
EMR,Emerson Electric Company,Industrials,Electrical Components & Equipment,0.027200215627090074,277
RJF,Raymond James Financial Inc-,Financials,Investment Banking & Brokerage,0.026445621420862153,278
TFX,Teleflex,Health Care,Health Care Equipment,0.025396012788405642,279
KHC,Kraft Heinz Co,Consumer Staples,Packaged Foods & Meats,0.024892427172744647,280
SNA,Snap-on,Industrials,Industrial Machinery,0.022075481298088562,281
CPB,Campbell Soup,Consumer Staples,Packaged Foods & Meats,0.019818957094685175,282
CERN,Cerner,Health Care,Health Care Technology,0.019756815294385888,283
CMS,CMS Energy,Utilities,Multi-Utilities,0.013326056097866967,284
JNJ,Johnson & Johnson,Health Care,Pharmaceuticals,0.013241517481219489,285
VMC,Vulcan Materials,Materials,Construction Materials,0.011663377175864298,286
PEG,Public Service Enterprise Group (PSEG),Utilities,Electric Utilities,0.010392360840342008,287
IPG,Interpublic Group,Communication Services,Advertising,0.009565345681039616,288
HSY,The Hershey Company,Consumer Staples,Packaged Foods & Meats,0.0092903579788981,289
ORLY,O'Reilly Automotive,Consumer Discretionary,Specialty Stores,0.008184049787814729,290
LKQ,LKQ Corporation,Consumer Discretionary,Distributors,0.007760635227896273,291
AON,Aon plc,Financials,Insurance Brokers,0.005107507786306087,292
DIS,The Walt Disney Company,Communication Services,Movies & Entertainment,0.004234496271237731,293
CAH,Cardinal Health Inc-,Health Care,Health Care Distributors,0.001302658100030385,294
SCHW,Charles Schwab Corporation,Financials,Investment Banking & Brokerage,6.031766533851624E-4,295
LNT,Alliant Energy Corp,Utilities,Electric Utilities,5.607580387732014E-4,296
DD,DuPont de Nemours Inc,Materials,Specialty Chemicals,7.683411240577698E-9,297
TRV,The Travelers Companies Inc-,Financials,Property & Casualty Insurance,-0.0011755339946830645,298
ZBH,Zimmer Biomet,Health Care,Health Care Equipment,-0.0021356657962314785,299
VRTX,Vertex Pharmaceuticals Inc,Health Care,Biotechnology,-0.00639853615211905,300
MLM,Martin Marietta Materials,Materials,Construction Materials,-0.0069801619902136736,301
WAB,Westinghouse Air Brake Technologies Corp,Industrials,Construction Machinery & Heavy Trucks,-0.009002496764878742,302
BMY,Bristol-Myers Squibb,Health Care,Health Care Distributors,-0.010448097615153529,303
MDT,Medtronic plc,Health Care,Health Care Equipment,-0.010796711459988728,304
STX,Seagate Technology,Information Technology,"Technology Hardware, Storage & Peripherals",-0.012265923840459436,305
PNW,Pinnacle West Capital,Utilities,Multi-Utilities,-0.012405414396198466,306
FISV,Fiserv Inc,Information Technology,Data Processing & Outsourced Services,-0.013218901585787535,307
VZ,Verizon Communications,Communication Services,Integrated Telecommunication Services,-0.013482603055308573,308
TIF,Tiffany & Co-,Consumer Discretionary,"Apparel, Accessories & Luxury Goods",-0.015235261278576218,309
PFE,Pfizer Inc-,Health Care,Pharmaceuticals,-0.01641866989666596,310
WY,Weyerhaeuser,Real Estate,Specialized REITs,-0.017693548055831343,311
CB,Chubb Limited,Financials,Property & Casualty Insurance,-0.019477341760648414,312
LMT,Lockheed Martin Corp-,Industrials,Aerospace & Defense,-0.019914632524887566,313
HLT,Hilton Worldwide Holdings Inc,Consumer Discretionary,"Hotels, Resorts & Cruise Lines",-0.020300539705203846,314
SO,Southern Company,Utilities,Electric Utilities,-0.022410813166061416,315
HBI,Hanesbrands Inc,Consumer Discretionary,"Apparel, Accessories & Luxury Goods",-0.02452435129089281,316
AXP,American Express Co,Financials,Consumer Finance,-0.02538414340961026,317
IT,Gartner Inc,Information Technology,IT Consulting & Other Services,-0.026107180034159683,318
AAP,Advance Auto Parts,Consumer Discretionary,Automotive Retail,-0.027073329365521204,319
LUMN,Lumen Technologies,Communication Services,Alternative Carriers,-0.027096542296931148,320
D,Dominion Energy,Utilities,Electric Utilities,-0.027694972246536054,321
KO,Coca-Cola Company,Consumer Staples,Soft Drinks,-0.02776139542402234,322
KMX,Carmax Inc,Consumer Discretionary,Specialty Stores,-0.02804259163531242,323
NUE,Nucor Corp-,Materials,Steel,-0.030738536617718637,324
ROST,Ross Stores,Consumer Discretionary,Apparel Retail,-0.03080444534862181,325
MHK,Mohawk Industries,Consumer Discretionary,Home Furnishings,-0.031206349973217584,326
WAT,Waters Corporation,Health Care,Health Care Distributors,-0.03160260259028291,327
LHX,L3Harris Technologies,Industrials,Aerospace & Defense,-0.03209801630146103,328
F,Ford Motor Company,Consumer Discretionary,Automobile Manufacturers,-0.03357115772087127,329
MAA,Mid-America Apartments,Real Estate,Residential REITs,-0.04312594472867204,330
PFG,Principal Financial Group,Financials,Life & Health Insurance,-0.044752723566489294,331
K,Kellogg Co-,Consumer Staples,Packaged Foods & Meats,-0.04663498737500049,332
LYB,LyondellBasell,Materials,Specialty Chemicals,-0.04722704374580644,333
DRI,Darden Restaurants,Consumer Discretionary,Restaurants,-0.048023310941061936,334
IVZ,Invesco Ltd-,Financials,Asset Management & Custody Banks,-0.049824136309325695,335
ALL,Allstate Corp,Financials,Property & Casualty Insurance,-0.053109871871129144,336
WMB,Williams Companies,Energy,Oil & Gas Storage & Transportation,-0.05401851038914174,337
ALLE,Allegion,Industrials,Building Products,-0.05447375484072836,338
MET,MetLife Inc-,Financials,Life & Health Insurance,-0.05538878601510078,339
EXC,Exelon Corp-,Utilities,Multi-Utilities,-0.05707947752671316,340
ETR,Entergy Corp-,Utilities,Electric Utilities,-0.05940289988211589,341
PEAK,Healthpeak Properties,Real Estate,Health Care REITs,-0.06102942809229717,342
UHS,Universal Health Services,Health Care,Health Care Facilities,-0.06127332540927455,343
GE,General Electric,Industrials,Industrial Conglomerates,-0.061856342130340636,344
GPC,Genuine Parts,Consumer Discretionary,Specialty Stores,-0.06267348228720948,345
CDW,CDW,Information Technology,Technology Distributors,-0.06421162048354745,346
WRB,W- R- Berkley Corporation,Financials,Property & Casualty Insurance,-0.06424018590769265,347
IFF,International Flavors & Fragrances,Materials,Specialty Chemicals,-0.0654278041984071,348
HSIC,Henry Schein,Health Care,Health Care Distributors,-0.06869143214134965,349
VFC,VF Corporation,Consumer Discretionary,"Apparel, Accessories & Luxury Goods",-0.07128180023573805,350
CNP,CenterPoint Energy,Utilities,Multi-Utilities,-0.07238710345700383,351
ILMN,Illumina Inc,Health Care,Life Sciences Tools & Services,-0.0752586189264548,352
IBM,International Business Machines,Information Technology,IT Consulting & Other Services,-0.07691636907111388,353
CSCO,Cisco Systems,Information Technology,Communications Equipment,-0.07870243873912841,354
AZO,AutoZone Inc,Consumer Discretionary,Specialty Stores,-0.08125681804813212,355
DFS,Discover Financial Services,Financials,Consumer Finance,-0.08274571766378358,356
AEP,American Electric Power,Utilities,Electric Utilities,-0.08592723136825953,357
ATO,Atmos Energy,Utilities,Gas Utilities,-0.08685204544599401,358
NI,NiSource Inc-,Utilities,Multi-Utilities,-0.08724564861040562,359
JNPR,Juniper Networks,Information Technology,Communications Equipment,-0.08976770139997825,360
RF,Regions Financial Corp-,Financials,Regional Banks,-0.09039188735187054,361
GL,Globe Life Inc-,Financials,Life & Health Insurance,-0.09366278395464178,362
CVS,CVS Health,Health Care,Health Care Services,-0.09540431696223095,363
STT,State Street Corp-,Financials,Asset Management & Custody Banks,-0.09727146207296755,364
NOC,Northrop Grumman,Industrials,Aerospace & Defense,-0.09880927354970481,365
AMGN,Amgen Inc-,Health Care,Biotechnology,-0.09884851213428192,366
HAS,Hasbro Inc-,Consumer Discretionary,Leisure Products,-0.10420943480858114,367
GILD,Gilead Sciences,Health Care,Biotechnology,-0.10549501160858199,368
BAX,Baxter International Inc-,Health Care,Health Care Equipment,-0.1064741114678327,369
VTRS,Viatris,Health Care,Pharmaceuticals,-0.1086941955727525,370
MRK,Merck & Co-,Health Care,Pharmaceuticals,-0.10911320416198578,371
NTRS,Northern Trust Corp-,Financials,Asset Management & Custody Banks,-0.11060071735846577,372
TAP,Molson Coors Beverage Company,Consumer Staples,Brewers,-0.1114067095622886,373
XRAY,Dentsply Sirona,Health Care,Health Care Supplies,-0.11405217187711969,374
ED,Consolidated Edison,Utilities,Electric Utilities,-0.11481225447641918,375
PM,Philip Morris International,Consumer Staples,Tobacco,-0.11487423219659831,376
VIAC,ViacomCBS,Communication Services,Movies & Entertainment,-0.1152733702911064,377
EVRG,Evergy,Utilities,Electric Utilities,-0.11774350359337404,378
JPM,JPMorgan Chase & Co-,Financials,Diversified Banks,-0.1181926796271,379
LUV,Southwest Airlines,Industrials,Airlines,-0.11863432379323058,380
PRGO,Perrigo,Health Care,Pharmaceuticals,-0.118686714413343,381
BWA,BorgWarner,Consumer Discretionary,Auto Parts & Equipment,-0.12098817445803434,382
PNC,PNC Financial Services,Financials,Regional Banks,-0.12262972063035704,383
FLT,FleetCor Technologies Inc,Information Technology,Data Processing & Outsourced Services,-0.1315595302148722,384
LEG,Leggett & Platt,Consumer Discretionary,Home Furnishings,-0.13202527094108518,385
SRE,Sempra Energy,Utilities,Multi-Utilities,-0.13239399023586884,386
INCY,Incyte,Health Care,Biotechnology,-0.1325143665599171,387
VTR,Ventas Inc,Real Estate,Health Care REITs,-0.13365840999176726,388
MAR,Marriott Int'l-,Consumer Discretionary,"Hotels, Resorts & Cruise Lines",-0.1350199257285567,389
LW,Lamb Weston Holdings Inc,Consumer Staples,Packaged Foods & Meats,-0.13644481499795802,390
COF,Capital One Financial,Financials,Consumer Finance,-0.13922981783980504,391
L,Loews Corp-,Financials,Multi-line Insurance,-0.1406336927175289,392
FITB,Fifth Third Bancorp,Financials,Regional Banks,-0.14748898491961882,393
TFC,Truist Financial,Financials,Regional Banks,-0.14750264432223048,394
MGM,MGM Resorts International,Consumer Discretionary,Casinos & Gaming,-0.14895435812650248,395
CFG,Citizens Financial Group,Financials,Regional Banks,-0.14936361962463707,396
O,Realty Income Corporation,Real Estate,Retail REITs,-0.14946106846036855,397
EIX,Edison Int'l,Utilities,Electric Utilities,-0.14972357513033785,398
CME,CME Group Inc-,Financials,Financial Exchanges & Data,-0.15050702216103673,399
AFL,AFLAC Inc,Financials,Life & Health Insurance,-0.15148478429182433,400
RE,Everest Re Group Ltd-,Financials,Reinsurance,-0.15161498305678833,401
UDR,"UDR, Inc-",Real Estate,Residential REITs,-0.1527124932181323,402
BEN,Franklin Resources,Financials,Asset Management & Custody Banks,-0.15913058453588746,403
SYY,Sysco Corp-,Consumer Staples,Food Distributors,-0.1613394094601972,404
IRM,Iron Mountain Incorporated,Real Estate,Specialized REITs,-0.16622534074122086,405
ESS,"Essex Property Trust, Inc-",Real Estate,Residential REITs,-0.1681691815101658,406
SYF,Synchrony Financial,Financials,Consumer Finance,-0.16960025145090185,407
DISCA,"Discovery, Inc- (Class A)",Communication Services,Broadcasting,-0.16972731272107922,408
BDX,Becton Dickinson,Health Care,Health Care Equipment,-0.1709590584214311,409
NTAP,NetApp,Information Technology,"Technology Hardware, Storage & Peripherals",-0.17161423378274776,410
GD,General Dynamics,Industrials,Aerospace & Defense,-0.17208565516921226,411
BAC,Bank of America Corp,Financials,Diversified Banks,-0.17840990173863247,412
PRU,Prudential Financial,Financials,Life & Health Insurance,-0.1824696465046145,413
WU,Western Union Co,Information Technology,Data Processing & Outsourced Services,-0.18357553717214614,414
LNC,Lincoln National,Financials,Multi-line Insurance,-0.18550433014752343,415
LVS,Las Vegas Sands,Consumer Discretionary,Casinos & Gaming,-0.18602882184495684,416
WELL,Welltower Inc-,Real Estate,Health Care REITs,-0.186882549256552,417
HBAN,Huntington Bancshares,Financials,Regional Banks,-0.1896495326072909,418
BKR,Baker Hughes Co,Energy,Oil & Gas Equipment & Services,-0.19129704960505478,419
UAA,Under Armour (Class A),Consumer Discretionary,"Apparel, Accessories & Luxury Goods",-0.19206041438155808,420
KEY,KeyCorp,Financials,Regional Banks,-0.19725092203589156,421
NLSN,Nielsen Holdings,Industrials,Research & Consulting Services,-0.20050383527996019,422
AVB,AvalonBay Communities,Real Estate,Residential REITs,-0.20214707343257032,423
INTC,Intel Corp-,Information Technology,Semiconductors,-0.2040463184384862,424
CF,CF Industries Holdings Inc,Materials,Fertilizers & Agricultural Chemicals,-0.2055413500929717,425
HES,Hess Corporation,Energy,Integrated Oil & Gas,-0.20587853115284815,426
DISCK,"Discovery, Inc- (Class C)",Communication Services,Broadcasting,-0.20920001453487203,427
PPL,PPL Corp-,Utilities,Electric Utilities,-0.20978490469860844,428
PVH,PVH Corp-,Consumer Discretionary,"Apparel, Accessories & Luxury Goods",-0.20983536768471822,429
FOX,Fox Corporation (Class B),Communication Services,Movies & Entertainment,-0.21454316092422232,430
HST,Host Hotels & Resorts,Real Estate,Hotel & Resort REITs,-0.21537422365508974,431
BK,The Bank of New York Mellon,Financials,Asset Management & Custody Banks,-0.21713097566680517,432
NRG,NRG Energy,Utilities,Independent Power Producers & Energy Traders,-0.21835689630825073,433
BIIB,Biogen Inc-,Health Care,Biotechnology,-0.22053413328103488,434
WDC,Western Digital,Information Technology,"Technology Hardware, Storage & Peripherals",-0.22181703655223828,435
ZION,Zions Bancorp,Financials,Regional Banks,-0.22319236423936673,436
MO,Altria Group Inc,Consumer Staples,Tobacco,-0.22561691119335592,437
UA,Under Armour (Class C),Consumer Discretionary,"Apparel, Accessories & Luxury Goods",-0.22664618369890377,438
FOXA,Fox Corporation (Class A),Communication Services,Movies & Entertainment,-0.22818208922399208,439
CXO,Concho Resources,Energy,Oil & Gas Exploration & Production,-0.24211974965874106,440
OMC,Omnicom Group,Communication Services,Advertising,-0.24237460426229518,441
RTX,Raytheon Technologies,Industrials,Aerospace & Defense,-0.24242975193919847,442
CBOE,Cboe Global Markets,Financials,Financial Exchanges & Data,-0.24322163220494986,443
PBCT,People's United Financial,Financials,Thrifts & Mortgage Finance,-0.2439698760281317,444
AIG,American International Group,Financials,Property & Casualty Insurance,-0.257443896116456,445
HWM,Howmet Aerospace,Industrials,Aerospace & Defense,-0.25875442440155894,446
CVX,Chevron Corp-,Energy,Integrated Oil & Gas,-0.2588350120931864,447
REG,Regency Centers Corporation,Real Estate,Retail REITs,-0.2609570221393369,448
PXD,Pioneer Natural Resources,Energy,Oil & Gas Exploration & Production,-0.2653120172326453,449
WYNN,Wynn Resorts Ltd,Consumer Discretionary,Casinos & Gaming,-0.2655770204437431,450
HIG,Hartford Financial Svc-Gp-,Financials,Property & Casualty Insurance,-0.27068570665142033,451
UNM,Unum Group,Financials,Life & Health Insurance,-0.27082372800214216,452
ALK,Alaska Air Group Inc,Industrials,Airlines,-0.27386491719516926,453
FLIR,FLIR Systems,Information Technology,Electronic Equipment & Instruments,-0.27610668767010793,454
BXP,Boston Properties,Real Estate,Office REITs,-0.2816797079722164,455
T,AT&T Inc-,Communication Services,Integrated Telecommunication Services,-0.28604224082664587,456
KIM,Kimco Realty,Real Estate,Retail REITs,-0.2896447551320307,457
RL,Ralph Lauren Corporation,Consumer Discretionary,"Apparel, Accessories & Luxury Goods",-0.2905462945927866,458
CINF,Cincinnati Financial,Financials,Property & Casualty Insurance,-0.29712414352979977,459
BSX,Boston Scientific,Health Care,Health Care Equipment,-0.2980602482712129,460
C,Citigroup Inc-,Financials,Diversified Banks,-0.29853259537776466,461
CMA,Comerica Inc-,Financials,Diversified Banks,-0.2986443012196105,462
EQR,Equity Residential,Real Estate,Residential REITs,-0.2987864312599413,463
USB,U-S- Bancorp,Financials,Diversified Banks,-0.30575849080923945,464
HAL,Halliburton Co-,Energy,Oil & Gas Equipment & Services,-0.3099682714091614,465
FLS,Flowserve Corporation,Industrials,Industrial Machinery,-0.3178336658747867,466
TSN,Tyson Foods,Consumer Staples,Packaged Foods & Meats,-0.3250205419753911,467
KMI,Kinder Morgan,Energy,Oil & Gas Storage & Transportation,-0.32631982807652093,468
MTB,M&T Bank Corp-,Financials,Regional Banks,-0.32949780888156965,469
FRT,Federal Realty Investment Trust,Real Estate,Retail REITs,-0.34424070597742684,470
DAL,Delta Air Lines Inc-,Industrials,Airlines,-0.34703786758473143,471
NLOK,NortonLifeLock,Information Technology,Application Software,-0.3566198713670019,472
HPE,Hewlett Packard Enterprise,Information Technology,"Technology Hardware, Storage & Peripherals",-0.3580974430660717,473
COP,ConocoPhillips,Energy,Oil & Gas Exploration & Production,-0.36452848483168054,474
SLG,SL Green Realty,Real Estate,Office REITs,-0.37625786969147157,475
MPC,Marathon Petroleum,Energy,Oil & Gas Refining & Marketing,-0.3815556866611587,476
EOG,EOG Resources,Energy,Oil & Gas Exploration & Production,-0.38526244582317304,477
WBA,Walgreens Boots Alliance,Consumer Staples,Drug Retail,-0.39163386866857763,478
BA,Boeing Company,Industrials,Aerospace & Defense,-0.40725565214961534,479
HII,Huntington Ingalls Industries,Industrials,Aerospace & Defense,-0.42150605090137105,480
APA,Apache Corporation,Energy,Oil & Gas Exploration & Production,-0.4466270343400538,481
DXC,DXC Technology,Information Technology,IT Consulting & Other Services,-0.45190797216491774,482
XRX,Xerox,Information Technology,"Technology Hardware, Storage & Peripherals",-0.45388865741551854,483
RCL,Royal Caribbean Group,Consumer Discretionary,"Hotels, Resorts & Cruise Lines",-0.45484179387858603,484
DVN,Devon Energy,Energy,Oil & Gas Exploration & Production,-0.4557658751728013,485
VNO,Vornado Realty Trust,Real Estate,Office REITs,-0.4761088279192336,486
AIV,Apartment Investment & Management,Real Estate,Residential REITs,-0.48906677472405136,487
SPG,Simon Property Group Inc,Real Estate,Retail REITs,-0.512636112383916,488
VLO,Valero Energy,Energy,Oil & Gas Refining & Marketing,-0.5223485281603644,489
XOM,Exxon Mobil Corp-,Energy,Integrated Oil & Gas,-0.5395680491637904,490
PSX,Phillips 66,Energy,Oil & Gas Refining & Marketing,-0.5438393271688255,491
NOV,National Oilwell Varco Inc-,Energy,Oil & Gas Equipment & Services,-0.5617144239076879,492
SLB,Schlumberger Ltd-,Energy,Oil & Gas Equipment & Services,-0.5781882629089523,493
FE,FirstEnergy Corp,Utilities,Electric Utilities,-0.6023636220779736,494
AAL,American Airlines Group,Industrials,Airlines,-0.6253011381486431,495
WFC,Wells Fargo,Financials,Diversified Banks,-0.6399928633327363,496
FANG,Diamondback Energy,Energy,Oil & Gas Exploration & Production,-0.6585160853428533,497
UAL,United Airlines Holdings,Industrials,Airlines,-0.6636858408892294,498
OKE,ONEOK,Energy,Oil & Gas Storage & Transportation,-0.6703806457808241,499
MRO,Marathon Oil Corp-,Energy,Oil & Gas Exploration & Production,-0.7139251779881306,500
HFC,HollyFrontier Corp,Energy,Oil & Gas Refining & Marketing,-0.7139282130083302,501
FTI,TechnipFMC,Energy,Oil & Gas Equipment & Services,-0.7893600243842229,502
CCL,Carnival Corp-,Consumer Discretionary,"Hotels, Resorts & Cruise Lines",-0.8222195913549513,503
OXY,Occidental Petroleum,Energy,Oil & Gas Exploration & Production,-0.8293663328804541,504
NCLH,Norwegian Cruise Line Holdings,Consumer Discretionary,"Hotels, Resorts & Cruise Lines",-0.8671729506895645,505
